{"cameraMode":{"drawMode":0,"name":"Shaded","section":"Shading Mode"},"sceneLighting":false,"audioPlay":false,"sceneViewState":{"m_AlwaysRefresh":true,"showFog":true,"showSkybox":false,"showFlares":true,"showImageEffects":true,"showParticleSystems":true,"showVisualEffectGraphs":true,"m_FxEnabled":true},"in2DMode":false,"pivot":{"x":-3.4684696197509767,"y":0.7634723782539368,"z":9.859317779541016},"rotation":{"x":-0.07969919592142105,"y":0.7256771326065064,"z":-0.08529329299926758,"w":-0.6780736446380615},"size":1.3128392696380616,"orthographic":false}