{"cameraMode":{"drawMode":0,"name":"Shaded","section":"Shading Mode"},"sceneLighting":false,"audioPlay":false,"sceneViewState":{"m_AlwaysRefresh":true,"showFog":true,"showSkybox":false,"showFlares":true,"showImageEffects":true,"showParticleSystems":true,"showVisualEffectGraphs":true,"m_FxEnabled":true},"in2DMode":false,"pivot":{"x":0.9090287685394287,"y":-0.15969419479370118,"z":8.815717697143555},"rotation":{"x":-0.07969919592142105,"y":0.7256771326065064,"z":-0.08529329299926758,"w":-0.6780736446380615},"size":3.6055691242218019,"orthographic":false}