{"cameraMode":{"drawMode":0,"name":"Shaded","section":"Shading Mode"},"sceneLighting":false,"audioPlay":false,"sceneViewState":{"m_AlwaysRefresh":true,"showFog":true,"showSkybox":false,"showFlares":true,"showImageEffects":true,"showParticleSystems":true,"showVisualEffectGraphs":true,"m_FxEnabled":true},"in2DMode":false,"pivot":{"x":0.15229308605194093,"y":1.5728586912155152,"z":-0.013059616088867188},"rotation":{"x":-0.07969919592142105,"y":0.7256771326065064,"z":-0.08529329299926758,"w":-0.6780736446380615},"size":0.9704362750053406,"orthographic":false}