{"cameraMode":{"drawMode":0,"name":"Shaded","section":"Shading Mode"},"sceneLighting":true,"audioPlay":false,"sceneViewState":{"m_AlwaysRefresh":true,"showFog":true,"showSkybox":true,"showFlares":true,"showImageEffects":true,"showParticleSystems":true,"showVisualEffectGraphs":true,"m_FxEnabled":true},"in2DMode":false,"pivot":{"x":1.9975080490112305,"y":3.2922849655151369,"z":-21.170820236206056},"rotation":{"x":-0.04508943855762482,"y":-0.46595385670661929,"z":-0.023784315213561059,"w":0.8833400011062622},"size":10.80715560913086,"orthographic":false}