{"cameraMode":{"drawMode":0,"name":"Shaded","section":"Shading Mode"},"sceneLighting":true,"audioPlay":false,"sceneViewState":{"m_AlwaysRefresh":true,"showFog":true,"showSkybox":true,"showFlares":true,"showImageEffects":true,"showParticleSystems":true,"showVisualEffectGraphs":true,"m_FxEnabled":true},"in2DMode":false,"pivot":{"x":-20.916534423828126,"y":-3.1120214462280275,"z":-9.408058166503907},"rotation":{"x":0.05771441385149956,"y":-0.8138577938079834,"z":0.08206922560930252,"w":0.5723386406898499},"size":17.558486938476564,"orthographic":false}